participant_id;A;B;C
500009;3;3;2
500011;2;2;2
500012;4;4;4
500031;3;4;5
500036;4;2;4
500042;4;4;3
500046;6;6;6
500047;5;5;5
500048;4;4;4
500049;97;97;97
500052;5;3;3
500053;6;5;5
500055;97;97;97
500059;4;4;4
500060;99;99;99
500072;6;6;6
500083;6;3;3
500086;4;3;3
500089;99;99;99
500090;5;2;2
500092;4;3;3
500096;5;2;2
500097;5;5;4
500116;5;4;4
500117;5;5;4
500121;5;5;5
500129;97;97;97
500130;5;5;4
500131;4;4;4
500133;5;5;5
500134;4;2;3
500135;99;99;99
500137;5;3;4
500138;6;5;4
500139;5;5;5
500141;5;5;5
500142;3;3;3
500144;6;6;6
500145;3;2;4
500146;5;4;4
500167;5;4;4
500169;3;3;3
500172;5;5;5
500179;99;99;99
500180;5;4;3
500182;5;5;5
500184;3;3;2
500187;4;4;4
500188;6;6;6
500189;5;3;3
500191;3;3;3
500192;5;5;5
500193;6;6;6
500195;3;3;3
500203;4;3;3
500211;6;6;6
500213;4;2;3
500220;5;5;5
500221;6;6;6
500223;5;4;4
500224;4;3;2
500225;97;3;97
500226;3;2;3
500227;5;4;4
500228;99;99;99
500229;5;4;4
500230;4;3;3
500231;99;99;99
500240;97;97;97
500253;5;4;5
500257;4;3;3
500258;6;4;4
500260;5;4;97
500261;4;2;2
500263;6;3;3
500264;5;2;2
500267;5;4;4
500270;3;3;3
500277;5;5;5
500278;4;3;3
500295;5;5;5
500308;6;6;6
500309;2;1;1
500310;6;6;6
500312;4;4;4
500313;3;3;3
500314;4;3;3
500316;3;3;3
500317;3;2;2
500319;97;97;97
500331;4;4;4
500346;2;1;2
500347;6;4;4
500357;3;3;3
500358;5;3;3
500359;4;4;4
500360;5;5;5
500362;6;3;2
500363;6;6;6
500378;5;5;5
500392;5;3;3
500394;5;3;3
500395;4;2;2
500399;5;5;5
500405;6;6;6
500411;97;97;97
500412;5;97;97
500413;6;3;4
500414;3;3;3
500415;4;4;4
500416;5;4;4
500419;5;4;4
500420;5;5;5
500421;5;4;5
500422;5;4;4
500423;5;4;5
500425;6;97;97
500426;5;5;5
500427;99;99;99
500428;4;3;3
500429;4;4;3
500441;6;6;6
500442;5;4;3
500455;6;3;6
500456;5;4;3
500457;6;6;6
500462;5;5;5
500463;3;3;4
500471;3;3;3
500472;5;5;5
500476;4;3;3
500477;4;4;4
500478;2;2;97
500481;3;2;2
500482;3;3;3
500483;5;5;4
500484;4;3;3
500485;5;4;4
500486;6;5;5
500487;6;6;6
500495;3;2;2
500496;6;3;3
500497;97;97;97
500514;4;3;3
500515;5;4;3
500516;4;2;2
500517;6;6;6
500520;5;4;97
500521;5;5;5
500522;5;2;2
500523;4;4;5
500529;5;4;3
500533;4;3;3
500534;5;4;97
500535;5;5;5
500536;5;4;4
500540;5;4;4
500541;5;5;6
500542;5;5;5
500544;5;5;5
500546;4;3;3
500548;99;99;99
500549;3;3;3
500576;5;3;3
500579;4;4;5
500580;6;6;6
500582;5;5;5
500584;4;3;3
500588;5;4;4
500589;2;2;2
500590;5;4;4
500591;4;4;3
500600;5;3;3
500601;3;2;2
500605;5;4;6
500606;5;5;5
500607;5;4;3
500609;4;4;4
500610;5;3;3
500611;6;4;3
500639;6;4;4
500640;5;5;4
500641;3;3;3
500642;5;4;4
500643;5;5;5
500645;5;4;6
500650;5;3;4
500655;5;4;5
500658;4;4;4
500659;6;3;3
500660;5;2;2
500661;5;3;3
500663;97;2;97
500665;3;3;3
500667;4;2;2
500669;4;3;3
500670;4;4;4
500671;97;3;97
500672;2;3;3
500674;4;4;4
500675;5;5;5
500676;4;4;4
500679;5;4;4
500690;3;2;3
500703;5;4;4
500705;5;4;4
500706;5;5;5
500707;5;5;5
500710;3;2;3
500711;2;2;2
500712;5;5;5
500720;6;97;97
500723;4;4;4
500724;5;5;5
500725;4;4;4
500726;4;3;3
500727;5;3;5
500728;6;6;6
500729;5;5;5
500730;5;4;4
500731;4;3;3
500732;3;6;6
500735;97;97;97
500736;4;3;3
500739;3;3;3
500740;4;97;3
500741;6;6;6
500743;4;4;4
500753;4;2;3
500770;4;3;3
500774;4;4;4
500775;4;6;6
500776;99;99;99
500777;5;97;4
500778;6;6;6
500779;4;4;5
500781;6;6;6
500782;5;4;6
500784;5;5;4
500792;4;3;3
500797;3;2;3
500798;3;3;3
500800;5;3;3
500802;3;3;3
500803;5;5;5
500804;5;2;2
500807;4;4;4
500809;4;4;4
500810;4;4;4
500811;4;2;4
500815;4;2;2
500816;5;5;5
500817;6;6;6
500818;4;4;4
500819;5;5;5
500820;4;4;4
500821;6;97;4
500823;97;97;97
500835;6;6;6
500856;5;4;3
500858;5;3;3
500859;6;6;6
500860;97;97;97
500861;4;2;2
500866;4;3;3
500867;3;3;2
500868;5;4;4
500876;5;5;4
500882;5;4;4
500884;4;3;3
500885;4;2;3
500886;4;3;3
500887;5;4;4
500888;5;4;4
500889;6;6;6
500890;3;2;2
500891;5;4;4
500892;5;3;4
500893;4;6;6
500897;4;3;3
500898;5;4;4
500900;3;2;2
500901;5;5;4
500902;5;3;5
500903;4;3;3
500905;5;5;5
500906;4;4;4
500907;5;5;5
500908;3;3;3
500910;5;4;4
500911;5;3;3
500912;4;3;3
500913;4;3;3
500914;6;6;5
500940;6;6;6
500942;3;3;3
500944;4;2;2
500945;5;5;5
500946;4;3;2
500951;5;5;5
500952;5;5;5
500953;5;3;3
500963;5;5;5
500965;97;97;4
500966;4;4;4
500967;3;2;3
500968;4;3;2
500969;3;3;4
500970;5;5;5
500972;5;5;5
500973;2;1;1
500974;5;4;4
500975;5;5;5
500976;6;4;4
500978;5;4;4
500979;1;1;2
500981;4;3;3
500982;6;6;6
500983;4;4;4
501012;6;6;6
501013;3;3;3
501014;5;5;5
501015;5;5;5
501017;5;2;2
501028;5;5;5
501035;6;4;4
501036;6;4;4
501037;4;4;6
501038;3;2;3
501039;4;3;3
501041;6;1;3
501042;5;5;5
501043;5;5;5
501044;5;5;5
501045;2;2;2
501046;5;4;4
501047;6;3;3
501048;5;4;4
501050;6;6;6
501052;2;1;1
501054;3;3;3
501055;6;6;6
501056;3;2;3
501057;5;2;3
501058;1;1;97
501059;4;4;5
501061;5;5;5
501062;4;3;3
501064;5;5;4
501079;4;4;4
501092;4;4;3
501097;5;5;5
501098;5;3;3
501099;5;3;3
501105;6;5;5
501106;3;2;2
501117;5;5;5
501118;5;5;5
501119;4;3;3
501120;5;3;3
501121;5;3;3
501122;4;2;2
501123;5;4;4
501124;3;3;3
501129;2;2;3
501130;3;3;3
501132;4;3;3
501133;5;5;5
501134;2;1;1
501135;5;4;4
501136;5;5;5
501138;5;4;4
501139;5;3;3
501181;5;2;5
501184;5;4;4
501187;5;2;2
501188;4;3;3
501191;2;2;2
501192;5;3;2
501193;5;5;5
501194;5;5;5
501209;6;4;4
501210;5;3;3
501214;4;4;4
501216;5;5;5
501217;5;3;3
501218;5;4;3
501221;5;5;5
501222;4;3;3
501223;3;2;3
501225;5;5;5
501226;99;99;99
501227;99;99;99
501228;6;1;1
501229;5;4;4
501230;99;99;99
501231;3;3;2
501232;3;3;2
501251;4;4;4
501252;5;4;4
501268;3;3;3
501270;5;5;5
501271;6;2;3
501272;97;3;3
501273;4;4;4
501274;5;5;5
501277;5;4;4
501278;5;2;2
501279;5;3;4
501280;5;2;4
501288;5;4;4
501298;4;4;4
501300;5;3;4
501301;5;5;5
501303;5;4;4
501305;5;4;4
501307;3;3;3
501308;4;4;4
501311;5;3;3
501312;5;4;4
501313;4;4;4
501316;5;5;5
501319;5;3;5
501321;4;4;4
501322;6;5;5
501323;5;5;5
501324;6;3;3
501325;5;4;3
501358;4;1;1
501359;5;5;5
501361;5;3;3
501367;5;5;5
501369;5;5;5
501387;5;5;5
501388;3;97;97
501390;2;2;2
501392;3;1;2
501393;99;99;99
501395;5;5;5
501398;5;4;4
501399;1;2;5
501401;5;3;3
501402;3;3;3
501406;3;2;1
501407;5;5;5
501408;4;3;3
501411;4;3;3
501412;4;4;4
501413;4;3;3
501416;2;2;2
501418;99;99;99
501419;6;6;6
501436;5;5;5
501454;5;5;6
501459;6;1;1
501461;99;99;99
501463;3;3;3
501464;3;3;3
501465;5;4;3
501466;5;2;3
501471;5;5;5
501483;3;2;3
501485;5;5;5
501486;5;2;3
501492;5;5;6
501493;4;4;97
501495;1;1;1
501496;3;3;3
501498;5;2;2
501500;97;3;3
501501;5;5;5
501509;4;3;4
501510;4;3;3
501526;4;2;2
501551;5;3;3
501552;4;4;4
501553;4;3;3
501554;4;4;4
501555;4;3;3
501556;4;3;3
501559;4;4;4
501560;5;5;5
501575;4;2;2
501578;5;3;3
501579;3;2;2
501580;5;4;4
501581;99;99;99
501583;5;4;4
501584;4;4;4
501585;3;97;97
501586;99;99;99
501588;5;3;3
501589;2;2;2
501591;3;2;2
501592;5;5;5
501593;3;97;2
501594;5;3;6
501595;5;4;4
501596;5;5;5
501598;5;2;2
501599;5;3;2
501600;6;5;5
501601;3;3;3
501604;4;3;2
501607;3;2;2
501618;5;2;5
501619;5;4;97
501637;99;99;99
501639;5;5;5
501640;5;5;5
501641;4;2;3
501642;5;4;4
501643;5;4;3
501644;4;4;3
501645;2;1;1
501646;5;3;3
501647;6;3;3
501649;4;2;2
501650;6;6;6
501651;4;2;2
501659;4;4;4
501660;5;5;4
501661;4;4;4
501663;5;4;4
501664;4;3;3
501666;4;2;4
501667;5;4;4
501668;5;3;3
501670;3;2;2
501672;5;5;5
501673;4;3;3
501674;4;2;3
501679;5;4;4
501681;4;3;3
501682;3;3;3
501694;5;4;4
501721;6;6;6
501722;5;5;5
501723;4;4;4
501724;5;2;3
501726;6;2;2
501727;2;2;3
501728;5;5;5
501729;5;3;3
501735;4;2;2
501736;99;99;99
501748;5;4;4
501749;5;5;5
501750;97;97;97
501752;5;3;3
501753;2;2;2
501754;4;4;4
501755;5;5;5
501757;3;3;3
501758;6;6;6
501759;3;2;2
501764;5;5;5
501765;4;2;2
501767;5;2;2
501769;3;3;3
501771;97;4;4
501787;4;4;4
501788;5;4;4
501809;5;5;5
501810;5;3;3
501811;99;99;99
501814;5;5;5
501817;4;2;3
501832;5;3;3
501835;5;4;4
501837;5;5;5
501839;5;1;1
501842;5;4;3
501845;3;3;3
501846;6;3;3
501848;5;4;4
501849;5;5;5
501852;5;4;4
501853;5;4;4
501854;5;97;97
501855;3;3;3
501856;6;2;2
501857;5;5;5
501858;4;4;4
501859;5;2;2
501860;4;4;4
501861;4;4;4
501864;3;4;2
501883;5;2;2
501884;5;6;6
501912;4;4;3
501913;5;2;2
501932;5;5;5
501933;3;2;3
501934;4;4;5
501937;4;4;4
501939;4;3;3
501941;5;5;5
501942;3;3;3
501943;5;3;3
501947;5;2;2
501948;5;5;5
501949;4;2;2
501951;5;5;5
501952;5;5;5
501954;5;3;5
501956;6;6;6
501957;5;2;2
501958;5;5;5
501996;5;5;4
501997;4;4;4
502001;5;2;4
502003;5;4;4
502010;5;5;5
502014;5;5;5
502023;5;3;3
502025;4;3;3
502027;5;5;5
502029;5;4;4
502032;5;5;5
502033;4;3;2
502034;5;4;4
502035;5;5;5
502036;5;5;4
502038;99;99;99
502041;5;5;5
502042;5;4;4
502044;5;5;5
502055;5;5;5
502085;5;5;5
502086;5;4;3
502091;5;4;4
502109;5;5;5
502110;5;5;5
502111;4;4;4
502116;6;6;6
502117;4;4;4
502118;6;6;6
502119;3;2;3
502120;4;4;4
502121;4;97;3
502126;5;5;5
502127;4;4;4
502129;5;3;3
502130;3;3;3
502170;5;4;4
502172;3;3;2
502179;3;2;2
502181;5;5;5
502188;99;99;99
502190;4;2;2
502191;4;2;2
502192;4;3;3
502193;5;5;5
502194;5;4;6
502195;5;3;3
502197;6;97;97
502201;6;6;6
502202;6;6;6
502204;4;3;3
502206;2;2;2
502207;5;5;5
502208;4;3;2
502210;5;4;3
502213;97;6;97
502215;4;4;4
502216;4;3;3
502230;4;4;4
502231;5;4;3
502252;6;6;6
502258;5;4;3
502259;3;3;3
502260;5;5;5
502262;5;4;4
502265;5;3;3
502266;3;3;3
502267;3;3;3
502268;4;4;4
502269;5;4;4
502270;5;3;2
502280;4;2;2
502283;5;5;5
502286;3;3;3
502288;5;3;3
502292;4;3;3
502293;6;6;6
502295;5;3;3
502297;5;4;4
502298;6;3;3
502301;4;2;2
502302;5;5;5
502303;6;6;6
502305;5;3;3
502307;5;2;3
502311;4;3;3
502312;5;2;3
502313;5;3;3
502314;4;4;3
502316;5;5;5
502317;99;99;99
502318;6;6;3
502319;5;5;5
502321;2;2;3
502322;6;6;6
502324;5;4;5
502337;4;2;2
502358;4;3;3
502360;6;6;6
502361;4;4;4
502363;6;6;6
502369;4;3;3
502370;4;2;2
502371;6;97;97
502384;3;2;3
502385;5;4;4
502387;4;2;2
502388;3;2;3
502391;5;2;4
502392;5;3;3
502393;1;1;2
502394;3;97;97
502396;5;4;4
502398;3;2;3
502399;1;1;1
502400;5;3;3
502404;6;6;6
502439;5;4;4
502440;3;3;3
502442;4;3;3
502443;5;5;5
502446;5;5;4
502447;4;3;5
502453;5;5;5
502462;3;2;2
502463;4;4;4
502464;5;5;5
502465;2;2;2
502469;3;2;2
502474;5;4;4
502475;4;2;2
502476;5;5;5
502479;6;6;6
502481;6;6;6
502483;99;99;99
502484;6;3;3
502488;5;5;5
502489;4;3;3
502490;5;4;4
502491;5;3;3
502504;5;5;4
502532;99;99;99
502533;5;5;5
502534;5;4;4
502535;6;5;5
502551;4;4;4
502552;5;4;4
502553;5;4;4
502555;5;5;5
502559;99;99;99
502561;4;2;2
502563;5;4;4
502569;5;5;5
502570;2;2;2
502571;4;3;2
502574;3;4;97
502575;5;4;4
502624;6;6;6
502625;5;3;2
502626;5;5;5
502627;5;5;5
502634;5;4;3
502636;5;3;2
502637;5;5;5
502638;4;3;3
502653;4;2;2
502654;5;3;3
502655;5;1;1
502659;5;4;4
502660;4;4;4
502661;5;4;4
502663;5;4;4
502664;3;2;2
502665;3;3;3
502666;2;2;4
502668;5;3;3
502669;3;3;4
502670;5;4;4
502672;5;5;5
502673;5;5;5
502675;99;99;99
502678;5;5;5
502680;4;4;4
502681;2;2;2
502683;5;5;5
502685;4;3;2
502686;5;4;4
502688;5;2;2
502689;4;4;3
502691;4;4;4
502692;5;4;4
502709;4;4;4
502710;5;4;4
502711;5;5;5
502712;5;4;3
502741;6;3;3
502742;4;3;3
502743;5;2;3
502766;5;5;5
502769;5;5;5
502770;5;5;5
502771;3;2;2
502775;5;2;2
502777;5;3;2
502778;3;3;3
502782;4;3;3
502786;4;2;2
502788;5;5;5
502789;5;4;3
502790;5;2;2
502792;5;5;5
502800;6;6;6
502801;5;4;4
502802;4;4;5
502806;4;4;3
502808;5;4;6
502809;5;5;5
502851;3;3;3
502852;5;3;3
502853;5;4;4
502857;6;6;6
502858;5;4;3
502860;5;5;4
502866;4;3;3
502867;5;2;2
502873;3;3;3
502874;2;2;3
502876;5;2;3
502880;6;6;6
502881;5;5;5
502884;5;4;4
502885;4;3;3
502889;6;6;6
502893;4;2;2
502894;5;4;4
502895;4;4;4
502896;6;5;5
502897;5;4;4
502899;5;2;2
502900;3;3;3
502901;4;2;2
502902;5;4;3
502903;5;4;4
502904;6;4;4
502906;6;6;6
502935;2;2;2
502936;4;3;3
502937;6;6;6
502962;2;1;1
502965;3;2;3
502972;3;3;3
502973;6;5;4
502974;4;4;4
502975;3;2;6
502976;2;2;4
502984;97;2;97
502986;5;4;4
502987;3;3;3
502988;4;3;3
503001;5;5;5
503002;3;3;3
503003;6;2;2
503004;4;3;3
503009;6;2;5
503010;4;3;3
503011;5;5;5
503014;6;6;6
503016;3;2;5
503018;3;3;3
503019;1;1;1
503024;5;5;5
503026;4;4;4
503027;4;3;3
503028;5;5;5
503031;3;3;3
503032;4;4;4
503033;5;5;5
503034;5;4;4
503075;5;4;4
503079;5;2;2
503080;5;3;3
503081;5;5;5
503082;2;2;2
503083;5;5;5
503085;5;5;5
503088;4;2;3
503089;4;4;4
503090;3;2;2
503093;6;97;97
503095;3;3;3
503109;4;3;3
503110;4;3;3
503112;6;3;3
503113;6;6;6
503115;4;3;3
503117;5;2;2
503118;5;5;5
503119;99;99;99
503121;4;2;2
503124;2;2;2
503127;4;3;3
503130;6;6;6
503133;3;3;3
503134;4;4;4
503135;4;4;4
503136;4;4;4
503137;4;4;4
503139;4;4;3
503140;3;2;2
503142;4;4;2
503143;3;2;2
503164;1;1;5
503165;5;4;4
503193;4;3;2
503195;6;6;6
503196;6;2;2
503198;5;5;5
503200;5;5;5
503201;6;6;6
503202;4;4;4
503206;4;4;4
503209;6;6;6
503217;4;3;3
503218;5;5;5
503219;2;1;2
503220;5;2;3
503222;4;2;2
503223;3;3;3
503225;6;2;2
503230;5;5;5
503232;4;4;4
503234;4;3;3
503235;6;6;6
503237;5;5;5
503239;4;4;4
503240;5;5;4
503243;3;2;3
503244;4;2;2
503245;5;5;5
503247;5;4;3
503266;3;3;3
503300;5;4;5
503301;5;1;1
503302;5;5;5
503303;5;4;4
503322;5;4;3
503325;6;6;6
503326;4;4;6
503327;4;3;3
503329;5;5;5
503330;3;3;3
503331;5;4;4
503334;4;2;4
503335;5;5;5
503337;6;6;6
503339;6;5;5
503340;5;3;3
503341;3;3;3
503342;5;3;3
503344;4;3;3
503345;3;3;3
503347;2;1;2
503348;4;3;3
503352;5;4;4
503355;6;6;6
503398;5;5;5
503400;5;5;5
503401;4;2;3
503402;5;4;4
503404;5;3;3
503407;3;3;3
503408;3;2;2
503409;5;3;3
503411;6;6;6
503416;5;3;3
503429;99;99;99
503430;5;3;3
503431;4;3;3
503432;6;6;6
503434;5;4;4
503435;5;4;3
503436;5;2;3
503439;5;5;4
503444;3;3;3
503445;2;2;2
503447;6;2;2
503448;99;99;99
503451;6;5;5
503453;2;2;2
503454;5;3;3
503455;2;1;4
503456;3;3;3
503457;5;2;2
503458;5;5;5
503459;5;4;3
503460;4;4;4
503463;6;6;6
503468;3;2;2
503486;6;6;6
503487;5;5;5
503511;5;3;3
503512;5;5;5
503517;5;2;3
503518;4;4;4
503519;5;4;4
503520;6;6;6
503522;4;3;3
503540;3;3;3
503542;3;2;4
503545;5;3;3
503548;4;2;2
503552;5;5;5
503553;6;6;6
503554;6;5;5
503555;6;6;6
503557;2;1;1
503558;5;3;4
503559;4;2;2
503560;5;4;4
503561;4;3;3
503562;6;3;2
503563;5;5;6
503566;4;1;3
503567;5;4;4
503568;5;3;3
503586;5;4;3
503601;5;5;5
503603;2;1;1
503608;5;3;3
503609;3;3;3
503610;5;2;6
503611;3;3;3
503618;5;4;4
503621;6;4;4
503629;5;3;3
503630;5;3;3
503633;5;4;4
503634;4;3;3
503639;5;3;4
503640;6;6;6
503641;5;5;5
503642;4;2;2
503644;3;3;3
503645;3;3;3
503650;5;3;3
503651;4;2;1
503655;2;2;5
503656;5;2;2
503657;5;4;4
503660;5;4;4
503662;4;4;5
503663;5;5;5
503664;5;5;5
503701;6;6;6
503702;5;4;4
503705;5;3;3
503711;4;2;2
503712;6;2;2
503713;5;5;5
503714;5;4;4
503729;5;4;3
503734;2;1;5
503736;5;4;4
503737;6;2;2
503740;4;3;3
503741;5;4;4
503742;4;3;3
503743;5;4;3
503745;3;3;3
503748;5;4;4
503749;4;3;3
503750;5;3;3
503751;3;2;2
503753;5;2;2
503761;5;5;5
503762;4;3;6
503764;3;2;2
503765;5;3;3
503767;5;4;3
503785;4;2;2
503786;4;4;4
503812;4;2;2
503814;4;3;3
503815;3;3;3
503817;5;4;4
503818;3;2;2
503819;4;4;3
503821;5;5;5
503823;5;2;3
503824;5;3;3
503827;5;3;3
503829;5;4;4
503838;5;5;5
503843;99;99;99
503844;5;5;6
503849;5;3;3
503852;5;4;4
503853;5;2;2
503858;4;4;5
503860;5;5;5
503861;4;3;3
503868;5;5;5
503869;6;6;6
503870;4;3;3
503872;4;2;5
503874;5;5;5
503875;6;6;6
503876;6;6;6
503910;5;4;3
503913;3;3;3
503914;5;4;6
503915;5;5;5
503931;5;3;3
503932;4;4;4
503934;5;2;2
503940;5;4;3
503943;3;3;3
503946;5;3;3
503947;4;3;3
503952;5;5;5
503953;4;2;3
503954;5;3;3
503958;4;3;3
503959;5;3;3
503982;5;3;3
503985;3;2;2
503992;5;5;5
503996;5;5;5
504003;5;4;3
504004;5;2;2
504005;5;3;3
504006;5;4;5
504015;5;5;4
504016;3;2;2
504020;2;2;2
504022;4;2;2
504023;6;1;5
504024;5;2;2
504025;5;3;3
504028;5;4;4
504032;3;3;3
504033;3;2;3
504034;5;5;4
504042;6;6;6
504045;5;5;5
504046;4;4;4
504050;4;2;2
504051;5;5;5
504052;5;4;4
504053;3;2;2
504070;5;4;4
504071;5;4;3
504091;6;6;6
504092;3;3;3
504094;3;3;4
504096;4;4;4
504097;2;2;2
504098;6;1;1
504099;5;4;4
504100;6;6;6
504101;5;3;5
504102;5;5;5
504109;4;97;2
504110;5;5;5
504114;5;3;6
504121;4;2;2
504123;5;2;5
504124;5;4;4
504125;5;3;4
504130;5;5;5
504131;5;4;4
504136;2;1;1
504137;6;5;5
504147;5;5;5
504165;6;6;3
504166;5;4;4
504167;2;97;1
504171;5;4;4
504172;4;3;3
504180;5;3;3
504181;5;4;4
504182;5;3;3
504183;5;5;5
504184;5;3;4
504190;5;2;2
504191;5;4;5
504192;4;4;4
504197;5;3;3
504198;5;2;2
504199;4;2;3
504202;5;4;4
504204;5;2;2
504207;5;3;3
504219;6;6;6
504220;5;3;3
504221;4;4;4
504233;2;2;2
504240;4;2;2
504241;5;5;5
504243;2;3;3
504244;3;3;3
504245;4;4;4
504248;3;3;2
504250;6;2;2
504251;5;5;5
504252;5;4;2
504257;3;3;3
504259;5;5;4
504262;6;6;6
504263;5;3;4
504265;5;3;3
504266;5;2;2
504269;6;6;6
504272;5;3;3
504276;99;99;99
504278;3;3;3
504279;3;3;3
504281;5;4;4
504282;4;3;3
504283;5;4;3
504286;4;3;3
504288;2;2;2
504290;6;6;6
504292;6;2;2
504327;5;4;4
504329;2;2;3
504352;4;2;2
504355;5;5;5
504356;4;4;4
504357;5;5;4
504358;5;5;3
504364;4;2;2
504365;5;3;3
504368;3;3;2
504371;2;3;4
504377;5;5;5
504414;99;99;99
504415;4;4;3
504416;4;4;4
504419;5;3;3
504422;3;3;3
504430;3;2;2
504435;5;4;5
504440;3;3;3
504441;5;5;5
504442;5;5;5
504443;3;3;3
504444;5;3;3
504446;5;4;2
504449;5;4;4
504451;3;2;2
504452;5;5;5
504453;3;3;3
504455;99;99;99
504458;6;6;6
504460;4;2;3
504464;5;5;5
504466;6;4;3
504467;2;2;2
504468;4;3;3
504473;3;2;2
504476;5;4;4
504479;5;5;4
504485;5;4;4
504511;5;4;3
504514;97;5;97
504515;3;1;3
504520;5;5;4
504522;3;2;2
504523;5;5;5
504540;5;4;4
504542;5;3;3
504544;3;2;2
504548;5;4;1
504549;5;2;2
504550;5;2;3
504551;5;2;2
504553;5;4;4
504554;6;6;6
504555;5;3;4
504558;5;4;4
504559;6;97;97
504561;5;4;5
504563;4;2;2
504568;5;2;2
504569;4;4;4
504570;5;4;3
504572;5;3;3
504573;5;4;5
504575;4;3;4
504580;3;2;2
504584;99;99;99
504619;5;2;2
504623;4;3;3
504634;3;3;3
504635;99;99;99
504639;5;2;2
504642;4;2;2
504644;5;4;4
504645;4;3;2
504647;5;4;4
504649;5;4;4
504653;6;6;6
504654;2;1;1
504655;3;3;3
504657;5;2;2
504658;3;3;3
504659;2;2;2
504660;6;6;3
504661;4;3;3
504664;3;2;2
504668;4;3;3
504669;5;5;5
504673;5;5;4
504679;3;1;1
504680;4;3;3
504682;6;6;6
504728;5;2;2
504729;5;4;3
504732;5;5;5
504737;5;2;2
504739;4;2;3
504740;5;2;6
504741;3;2;2
504742;6;6;6
504745;2;2;1
504750;2;2;2
504751;5;4;4
504753;4;2;2
504754;3;2;2
504756;5;5;2
504758;5;5;5
504760;5;5;4
504761;3;3;3
504762;4;4;4
504765;99;99;99
504766;3;3;3
504771;1;1;97
504773;4;4;2
504779;4;4;3
504785;4;2;2
504791;3;3;3
504793;6;6;6
504819;6;5;5
504834;5;2;4
504835;5;3;3
504836;5;4;4
504838;4;4;3
504840;4;2;2
504841;2;1;5
504842;5;5;4
504843;5;1;3
504846;4;3;3
504847;5;4;3
504849;5;3;2
504850;2;2;3
504851;5;2;2
504852;5;5;5
504853;5;4;4
504854;5;2;2
504855;5;4;3
504864;3;2;2
504867;5;3;6
504872;5;4;4
504873;3;3;3
504915;99;99;99
504919;5;3;3
504941;4;4;4
504942;5;4;3
504945;6;3;3
504951;5;2;2
504953;6;6;6
504956;5;3;4
504962;5;2;3
504965;3;3;3
504966;5;4;4
504971;5;5;5
504972;5;4;4
504975;4;3;3
504985;4;4;4
505006;3;2;2
505009;5;4;5
505015;6;6;6
505017;99;99;99
505020;5;5;5
505023;6;6;6
505028;6;6;6
505029;4;3;3
505031;3;3;3
505033;3;3;3
505038;5;3;3
505039;4;2;2
505040;3;3;3
505045;6;6;6
505051;5;4;4
505057;5;4;3
505062;5;4;1
505063;6;6;6
505066;4;2;2
505089;4;4;4
505094;6;6;6
505096;5;3;6
505098;6;3;3
505100;4;4;3
505118;5;5;5
505119;4;2;2
505126;4;3;2
505128;5;2;2
505129;6;4;3
505139;5;2;3
505140;6;6;6
505145;6;6;6
505147;5;4;4
505150;3;3;3
505153;5;4;6
505156;4;3;3
505159;3;3;3
505173;5;4;4
505174;6;6;6
505195;4;2;3
505228;5;3;3
505238;5;4;3
505239;6;6;6
505240;3;3;3
505241;4;2;2
505242;3;2;2
505244;5;2;3
505246;5;6;3
505248;6;6;6
505250;5;4;6
505251;5;5;4
505252;4;4;3
505256;1;1;1
505257;6;6;6
505261;6;5;5
505263;6;6;6
505266;6;3;3
505268;6;6;6
505270;6;6;6
505315;3;3;3
505326;3;2;2
505327;4;4;2
505335;6;6;4
505344;4;2;2
505350;2;2;97
505351;5;5;5
505353;5;5;5
505354;2;2;2
505360;5;2;2
505362;5;5;5
505367;4;4;4
505369;4;4;4
505371;5;4;4
505373;6;6;6
505379;4;2;2
505383;5;3;3
505387;4;2;3
505390;5;5;5
505405;99;99;99
505439;6;6;6
505448;3;3;3
505452;5;5;5
505463;5;5;4
505464;4;4;4
505467;4;3;2
505469;5;5;5
505470;6;2;6
505477;5;3;3
505479;6;6;6
505481;2;3;3
505482;5;5;5
505488;5;2;6
505489;6;6;6
505491;6;97;3
505492;4;2;3
505493;3;2;2
505509;5;4;4
505510;99;99;99
505532;5;3;6
505534;3;3;3
505542;3;3;3
505550;5;3;3
505551;4;5;5
505556;3;3;3
505569;5;3;3
505573;4;2;2
505575;3;3;3
505579;5;4;97
505586;3;4;4
505588;5;3;2
505589;99;99;99
505594;5;3;3
505599;5;5;4
505601;3;2;2
505603;5;3;3
505605;3;1;2
505621;4;3;3
505622;5;4;4
505650;5;5;5
505652;5;5;5
505655;3;1;1
505658;6;6;6
505659;6;6;6
505663;4;97;3
505666;5;3;2
505688;2;2;2
505690;5;4;4
505692;3;3;3
505693;6;6;6
505698;6;4;3
505700;3;2;2
505702;5;4;4
505707;5;4;3
505710;6;6;97
505712;3;3;3
505714;6;6;6
505715;3;3;3
505717;4;4;4
505763;6;6;6
505768;5;3;4
505771;5;5;5
505776;5;4;4
505787;6;6;6
505789;3;2;3
505791;5;3;3
505795;6;6;6
505797;4;4;4
505801;5;5;5
505808;6;6;6
505809;5;3;2
505811;5;5;3
505812;6;5;6
505826;4;4;4
505848;4;4;4
505850;4;4;4
505851;6;3;2
505852;3;3;3
505858;5;4;4
505860;99;99;99
505861;5;5;5
505869;5;3;5
505877;4;3;2
505880;5;5;4
505883;3;3;3
505887;3;2;2
505888;5;5;5
505889;3;2;3
505891;6;6;6
505892;6;6;6
505893;4;3;3
505898;4;4;4
505899;6;6;6
505900;3;3;3
505901;5;5;5
505903;99;99;99
505938;97;2;97
505939;6;6;6
505941;6;6;6
505943;6;6;6
505944;5;4;4
505949;4;3;3
505959;5;5;5
505962;5;4;4
505965;6;6;6
505968;3;2;2
505969;5;3;3
505971;3;2;2
505972;6;6;6
505973;5;5;5
505974;4;2;2
505992;5;5;5
600003;97;97;97
600004;6;6;6
600005;5;5;5
600007;97;3;3
600008;3;97;3
600017;5;97;2
600018;5;4;3
600023;4;3;3
600025;5;2;4
600027;6;6;6
600030;4;4;4
600038;4;4;4
600039;5;5;5
600040;6;6;6
600044;4;2;2
600045;3;2;3
600061;5;3;4
600064;99;99;99
600065;5;4;3
600067;5;4;4
600068;4;3;3
600069;5;4;4
600070;5;5;5
600071;4;4;97
600079;5;3;3
600081;97;97;97
600099;6;6;6
600100;6;6;6
600101;99;99;99
600103;99;99;99
600106;6;3;3
600111;3;3;3
600112;99;99;99
600119;5;3;4
600120;4;4;4
600124;4;4;3
600126;6;6;6
600127;4;2;2
600149;6;6;6
600151;5;5;5
600154;3;3;3
600157;5;5;3
600159;99;99;99
600160;3;3;3
600161;5;5;5
600171;4;6;6
600173;6;6;6
600174;3;2;3
600175;5;4;4
600176;4;4;4
600177;97;1;1
600199;4;2;3
600202;4;4;4
600204;5;3;6
600206;5;5;5
600207;4;4;4
600209;4;2;2
600210;5;5;5
600214;5;3;3
600215;5;5;5
600218;5;2;2
600233;5;4;4
600234;3;2;2
600235;4;4;3
600238;5;5;97
600241;4;3;3
600243;5;5;5
600247;6;6;6
600248;3;3;3
600252;6;3;5
600254;4;4;4
600272;4;2;2
600275;5;4;4
600276;5;4;4
600280;3;3;3
600281;99;99;99
600282;4;3;3
600283;5;4;4
600285;5;3;3
600286;97;2;97
600287;97;97;2
600288;5;4;3
600289;6;6;6
600290;5;5;5
600291;5;5;5
600294;5;3;3
600297;5;4;4
600298;97;5;97
600300;3;3;3
600303;4;3;3
600306;5;5;5
600307;4;4;4
600326;5;5;5
600327;3;3;3
600329;3;3;3
600330;4;3;4
600332;5;4;3
600333;5;5;5
600337;6;2;2
600338;3;3;3
600339;5;4;4
600344;5;5;5
600345;4;3;2
600348;5;4;5
600352;5;5;5
600354;6;6;6
600365;5;3;4
600367;5;5;5
600368;5;4;5
600369;3;3;3
600370;4;3;3
600371;5;4;4
600372;5;5;5
600373;5;3;3
600375;5;5;2
600376;6;6;3
600380;99;99;99
600381;99;99;99
600382;4;4;4
600383;5;4;4
600385;5;5;5
600386;3;2;2
600388;5;2;4
600389;5;2;3
600390;97;97;3
600397;4;4;4
600398;4;3;4
600402;5;4;4
600404;5;6;6
600407;5;3;3
600410;5;4;5
600433;5;5;5
600434;5;5;5
600436;4;2;3
600437;5;5;5
600438;5;5;5
600439;5;5;5
600443;5;5;5
600444;99;99;99
600447;98;2;3
600448;3;2;3
600449;5;4;3
600451;4;2;3
600452;3;2;3
600453;4;4;3
600458;5;4;3
600459;5;4;5
600460;5;5;5
600464;5;3;3
600465;5;2;2
600467;4;3;3
600468;5;5;5
600469;5;2;2
600490;6;6;6
600491;4;2;2
600493;5;5;5
600494;5;4;4
600499;97;6;97
600500;6;6;6
600501;5;2;3
600503;5;4;3
600504;2;1;1
600505;5;3;3
600507;6;6;6
600508;5;4;4
600509;5;5;5
600510;6;6;6
600512;3;2;2
600513;99;99;99
600518;97;3;97
600519;4;3;3
600524;5;4;4
600527;5;6;6
600528;4;3;3
600530;5;5;5
600531;97;5;5
600532;5;5;5
600557;5;2;3
600558;5;3;3
600560;2;1;2
600563;5;2;2
600566;5;5;5
600567;6;3;3
600568;3;2;2
600569;5;5;5
600570;6;6;6
600573;5;5;5
600574;5;5;5
600577;3;3;3
600578;5;5;5
600585;5;4;3
600586;6;5;5
600587;4;3;3
600593;6;4;4
600594;5;3;3
600595;5;5;5
600596;5;2;2
600598;5;4;3
600617;5;5;5
600618;5;5;5
600621;5;5;5
600622;5;5;5
600624;6;4;4
600625;5;97;97
600627;4;2;3
600628;4;3;2
600629;5;4;4
600630;5;4;4
600632;5;4;4
600634;3;3;3
600635;5;2;3
600636;3;3;3
600646;6;6;6
600647;5;2;2
600648;5;4;4
600649;5;2;3
600651;3;3;3
600652;5;4;4
600681;2;1;1
600683;6;6;6
600684;6;5;5
600685;5;5;5
600687;5;3;3
600688;6;4;3
600689;5;5;5
600691;5;3;4
600692;5;3;3
600693;97;97;3
600694;5;3;3
600695;6;6;6
600696;5;5;5
600697;4;4;4
600698;97;97;97
600700;2;2;3
600701;4;2;3
600702;5;97;6
600708;4;2;3
600714;5;4;3
600715;3;3;3
600716;99;99;99
600717;5;4;4
600718;6;6;6
600721;4;1;1
600722;5;3;4
600745;3;2;2
600747;3;3;3
600748;3;2;3
600750;5;4;4
600754;4;2;3
600755;6;6;6
600756;6;5;5
600757;5;4;3
600758;3;3;3
600759;5;5;5
600760;5;3;3
600761;5;5;5
600764;3;3;3
600765;5;2;3
600766;6;6;6
600767;6;6;6
600768;6;6;6
600771;3;3;3
600772;6;3;3
600773;3;2;4
600780;5;3;3
600785;5;2;3
600786;5;4;4
600787;4;4;4
600788;4;3;3
600790;4;3;3
600794;5;5;5
600795;6;97;97
600825;5;5;5
600827;97;2;97
600831;6;6;3
600832;3;3;3
600833;6;6;6
600834;4;2;2
600836;5;5;5
600837;5;3;3
600839;5;5;5
600840;5;5;5
600841;5;3;3
600842;99;99;99
600843;2;1;2
600844;4;2;3
600845;6;6;6
600846;4;3;3
600847;3;2;2
600848;5;5;5
600849;4;3;3
600851;6;5;4
600853;5;5;5
600854;5;5;6
600862;5;4;3
600863;2;2;2
600864;5;5;5
600865;4;3;2
600869;5;5;5
600870;3;3;3
600871;97;97;97
600872;5;5;5
600873;5;3;3
600874;3;3;3
600877;6;6;6
600878;5;4;4
600879;6;4;2
600880;4;1;4
600881;3;3;3
600920;3;3;3
600923;5;5;5
600924;97;1;97
600927;5;3;2
600929;3;2;3
600930;2;2;2
600931;97;3;3
600932;6;6;6
600933;5;3;3
600934;4;3;3
600936;6;5;5
600937;5;3;4
600939;6;6;5
600947;4;4;4
600948;4;2;3
600949;5;4;4
600950;4;4;6
600955;4;4;4
600958;4;6;97
600960;5;3;3
600961;5;4;4
600962;5;3;3
600985;3;2;2
600989;5;4;5
600990;4;3;4
600991;4;2;2
600992;5;5;5
600994;4;3;3
600995;3;3;3
600996;5;5;5
600997;5;4;4
600998;6;6;6
600999;4;2;2
601000;5;3;3
601002;4;2;3
601003;4;3;4
601004;5;3;3
601007;5;4;4
601008;6;6;6
601009;5;5;5
601010;5;3;3
601018;5;6;6
601019;5;5;5
601020;5;2;4
601021;5;4;4
601025;5;3;3
601026;97;5;5
601027;5;2;2
601029;99;99;99
601030;5;5;97
601031;5;3;6
601032;4;4;4
601033;5;3;2
601034;5;5;5
601068;5;5;5
601069;5;4;4
601070;5;3;3
601072;5;5;4
601073;4;2;3
601075;5;4;4
601077;4;3;3
601078;5;3;5
601080;5;5;5
601081;4;2;3
601082;5;5;5
601083;4;2;5
601084;4;2;2
601087;5;4;3
601088;5;5;5
601089;5;4;4
601090;5;4;3
601091;5;4;3
601094;5;2;2
601095;3;3;2
601096;4;3;3
601100;5;5;5
601102;4;3;3
601107;5;5;4
601110;5;4;4
601111;5;5;5
601112;5;4;3
601113;5;5;5
601114;5;2;2
601115;3;4;6
601148;6;6;6
601149;1;1;1
601150;5;4;5
601151;99;99;99
601152;5;2;2
601153;3;3;3
601154;5;5;5
601155;5;4;2
601157;5;2;3
601159;6;6;6
601161;5;4;4
601162;5;2;2
601163;5;2;2
601164;5;3;3
601165;4;4;4
601167;2;2;2
601169;5;4;3
601172;4;2;3
601173;5;2;2
601174;4;3;3
601175;3;3;3
601176;6;4;4
601179;5;4;4
601180;5;3;3
601189;99;99;99
601190;6;6;6
601197;5;4;4
601198;6;3;3
601199;4;3;3
601201;3;3;3
601202;5;2;2
601203;5;4;3
601204;6;6;6
601205;5;5;5
601206;5;5;5
601207;5;4;4
601233;5;2;2
601243;99;99;99
601244;6;6;6
601246;4;3;3
601248;99;99;99
601253;4;4;4
601255;5;5;4
601256;6;6;6
601257;4;4;5
601258;6;3;3
601260;5;3;3
601262;97;97;5
601263;5;5;5
601264;5;2;2
601265;5;3;3
601267;5;3;6
601275;5;3;3
601281;5;4;4
601283;99;99;99
601284;5;4;4
601285;3;3;3
601286;4;4;4
601289;5;4;4
601290;6;6;6
601293;4;2;2
601294;5;5;5
601295;5;5;5
601327;4;3;3
601333;6;6;6
601334;4;4;4
601337;6;6;6
601338;5;4;4
601340;5;4;5
601341;5;2;2
601342;3;2;2
601343;6;6;6
601345;6;6;6
601347;6;6;6
601348;5;5;5
601350;5;2;5
601351;5;97;3
601354;5;5;5
601356;4;4;3
601357;5;4;5
601362;5;5;5
601364;5;5;5
601365;3;3;3
601371;5;4;4
601372;5;3;3
601373;3;1;2
601375;3;2;3
601376;3;2;3
601379;4;4;4
601380;5;5;5
601382;6;4;4
601423;4;3;3
601424;4;2;2
601426;5;3;3
601429;5;5;5
601430;5;4;3
601431;5;4;4
601432;5;3;3
601433;5;4;4
601438;5;3;3
601440;4;2;2
601444;3;3;3
601445;5;5;5
601446;5;4;4
601449;4;4;4
601453;4;4;3
601456;3;3;3
601458;5;5;5
601468;3;3;3
601470;5;5;3
601473;5;3;4
601474;5;5;5
601475;4;4;4
601479;4;5;5
601482;5;2;4
601512;5;4;5
601516;5;2;3
601517;5;4;4
601518;4;3;3
601519;5;97;97
601520;6;6;6
601521;6;6;6
601522;4;3;3
601523;5;5;5
601529;5;4;97
601530;2;2;2
601531;4;4;4
601532;6;5;5
601535;4;4;3
601537;6;3;3
601538;5;5;5
601539;5;5;5
601541;5;3;3
601542;6;6;6
601543;5;5;5
601544;5;4;4
601548;5;5;5
601549;5;4;4
601557;4;3;2
601558;6;6;6
601562;6;6;6
601563;5;4;4
601565;5;4;4
601566;5;3;3
601568;5;4;4
601572;5;3;3
601573;6;6;6
601574;4;3;3
601610;3;3;3
601611;5;5;5
601612;6;6;6
601613;6;6;6
601614;5;4;4
601616;5;4;4
601620;2;2;2
601622;5;5;5
601623;4;3;3
601626;5;4;3
601627;6;5;6
601628;5;4;4
601629;5;4;4
601630;4;3;2
601631;5;3;3
601632;3;3;3
601633;4;4;4
601635;5;3;3
601636;3;3;3
601653;5;3;3
601656;5;5;5
601658;4;4;4
601684;3;3;3
601686;5;4;4
601689;6;6;6
601690;5;3;3
601691;5;2;4
601697;4;4;4
601698;5;3;3
601699;3;2;2
601702;4;4;3
601703;3;3;3
601704;5;5;5
601705;97;4;4
601707;5;4;3
601710;5;4;4
601712;5;3;3
601713;6;6;6
601714;5;5;5
601716;6;6;6
601720;4;3;3
601730;4;3;5
601731;5;5;5
601733;5;5;5
601737;97;97;97
601740;5;2;2
601741;4;4;4
601742;5;3;97
601744;5;5;5
601745;5;2;2
601747;5;5;5
601774;4;3;4
601778;5;4;4
601781;3;3;3
601782;6;6;6
601783;5;5;5
601784;3;3;3
601786;6;6;3
601793;4;2;2
601795;5;4;4
601796;5;5;5
601797;5;5;5
601801;4;3;3
601802;5;5;5
601803;5;5;5
601805;2;2;2
601806;3;3;3
601808;5;5;5
601813;4;4;4
601818;3;3;3
601820;5;4;3
601821;6;6;6
601822;6;6;6
601823;5;2;2
601827;6;5;6
601828;5;5;5
601830;3;2;2
601871;6;6;6
601872;3;3;3
601873;4;5;5
601874;4;4;4
601876;3;2;2
601877;6;6;6
601878;5;4;5
601879;4;2;2
601881;5;5;4
601882;5;4;4
601887;4;3;4
601888;4;3;3
601897;5;4;4
601898;5;5;4
601899;6;6;5
601903;5;1;1
601907;6;3;3
601908;99;99;99
601911;5;5;5
601916;5;5;5
601917;5;4;3
601918;5;4;4
601921;3;2;2
601922;3;2;2
601926;5;5;5
601927;3;3;3
601959;5;5;5
601966;5;5;5
601968;97;97;1
601971;5;5;5
601972;5;3;3
601974;5;4;4
601976;5;4;3
601977;5;5;5
601979;4;3;3
601980;4;2;2
601981;5;5;5
601985;5;5;5
601986;5;4;3
601987;5;5;5
601989;5;5;5
601990;5;4;4
601991;5;5;5
601992;5;4;4
601993;5;4;4
601994;5;4;4
601995;5;4;4
602004;3;3;5
602005;5;4;3
602011;6;3;2
602015;5;5;5
602017;6;6;6
602018;4;4;4
602019;5;3;3
602021;4;4;4
602045;6;6;6
602048;5;4;3
602049;5;5;4
602051;5;5;5
602053;5;5;5
602054;5;4;4
602060;5;3;3
602062;4;97;3
602064;4;3;3
602070;6;6;6
602071;4;2;2
602072;4;4;4
602073;5;4;4
602074;5;5;5
602075;5;5;5
602077;5;5;4
602078;5;4;4
602079;6;6;6
602089;5;5;5
602092;5;4;4
602094;4;3;3
602096;6;4;4
602099;4;2;2
602100;6;6;6
602101;3;3;3
602103;5;4;4
602135;6;6;6
602138;5;5;5
602140;3;3;3
602141;5;5;5
602143;5;5;5
602144;4;4;4
602145;5;3;3
602147;6;6;6
602150;5;4;4
602151;6;6;6
602152;6;6;6
602153;5;5;5
602154;5;4;4
602155;4;4;4
602156;2;2;2
602157;5;5;4
602158;4;4;4
602159;5;2;2
602160;5;5;5
602164;5;5;5
602166;4;3;4
602177;5;3;3
602178;4;2;1
602182;5;3;3
602186;99;99;99
602187;4;3;3
602219;5;2;3
602221;5;5;5
602223;4;2;3
602225;6;6;6
602226;5;2;2
602227;5;2;2
602232;5;2;2
602233;3;3;3
602236;5;2;2
602237;97;4;97
602241;1;97;97
602242;5;3;3
602245;4;2;3
602247;5;5;5
602248;4;4;3
602249;6;6;6
602255;2;3;4
602263;4;4;4
602264;5;5;5
602272;5;2;3
602275;5;2;4
602276;5;3;4
602277;4;2;4
602278;5;5;5
602334;4;3;3
602340;5;2;2
602341;5;3;3
602342;5;3;3
602343;5;3;2
602344;4;3;3
602345;5;4;4
602346;5;6;6
602347;2;2;2
602349;5;3;3
602350;2;2;2
602351;5;5;5
602356;5;5;5
602364;4;2;2
602366;3;3;3
602372;4;3;3
602374;5;4;3
602375;4;2;3
602376;5;4;4
602377;3;3;3
602379;3;3;3
602381;6;6;6
602383;5;4;6
602406;2;1;1
602414;4;3;3
602416;5;4;4
602418;2;2;2
602422;99;99;99
602423;4;4;3
602424;6;6;5
602428;4;2;4
602430;3;2;2
602431;5;5;4
602433;3;3;3
602435;6;6;6
602436;5;3;3
602438;5;5;5
602444;5;2;2
602449;5;3;3
602450;5;2;2
602451;5;3;3
602452;5;5;5
602454;3;3;3
602457;3;3;3
602458;6;6;6
602459;5;4;4
602460;6;6;6
602498;3;3;3
602499;5;3;3
602502;5;4;4
602503;4;2;3
602508;5;4;4
602509;5;4;4
602513;5;5;5
602515;5;4;4
602517;6;2;3
602518;5;5;5
602519;5;5;2
602520;5;4;4
602523;4;4;4
602524;5;4;4
602526;5;5;5
602527;5;4;3
602530;5;5;5
602536;3;3;3
602537;5;5;5
602548;4;4;4
602578;5;2;2
602579;5;4;4
602583;5;4;4
602584;4;4;3
602585;4;4;4
602586;5;4;4
602587;6;5;4
602588;5;4;4
602589;4;2;2
602592;3;3;2
602593;3;3;3
602595;5;5;5
602597;4;4;4
602598;5;4;4
602600;4;2;3
602601;5;5;5
602602;5;3;3
602603;4;2;2
602604;3;2;2
602605;4;3;3
602607;5;3;3
602609;6;6;6
602611;6;6;6
602612;4;4;4
602616;4;4;4
602622;5;5;5
602623;4;3;3
602640;2;2;2
602642;5;4;4
602643;5;2;2
602646;4;4;4
602647;5;5;4
602648;3;3;2
602697;5;4;3
602699;6;6;6
602702;3;3;3
602703;5;5;5
602704;4;4;4
602707;4;2;2
602713;4;4;4
602714;4;2;2
602716;3;2;3
602717;5;5;5
602718;5;4;4
602719;4;3;3
602721;5;3;3
602722;4;2;5
602726;5;2;2
602727;5;4;3
602728;5;4;4
602729;5;5;4
602745;6;6;6
602746;6;6;6
602747;5;5;5
602749;4;4;4
602754;5;3;3
602755;6;3;3
602759;3;3;3
602760;3;3;3
602762;3;3;3
602763;6;3;3
602764;3;3;3
602811;5;4;4
602818;5;4;5
602820;5;4;2
602822;4;4;4
602823;4;4;4
602824;5;3;3
602825;5;3;5
602827;3;3;3
602831;5;2;3
602832;99;99;99
602835;5;3;3
602836;6;6;6
602837;5;3;3
602839;6;6;6
602840;4;4;3
602841;5;4;4
602844;5;5;5
602848;5;5;5
602869;99;99;99
602870;3;3;3
602872;5;4;4
602919;5;4;5
602921;5;5;5
602922;2;2;2
602923;3;3;3
602924;5;5;4
602925;4;1;1
602926;6;6;6
602927;5;5;4
602928;4;3;5
602929;3;6;6
602933;5;2;2
602939;4;3;3
602942;4;4;4
602944;5;5;5
602945;99;99;99
602948;5;5;5
602949;99;99;99
602950;6;4;4
602951;3;2;2
602952;5;4;4
602953;3;1;1
602954;5;2;2
602977;5;5;4
602978;5;5;5
602979;5;3;5
602980;4;2;2
602981;4;4;3
602982;4;3;3
602993;3;3;3
602994;99;99;99
602996;5;5;5
602998;3;3;3
603037;2;2;3
603046;4;4;4
603052;5;3;3
603055;5;3;3
603058;4;4;4
603060;5;5;5
603061;4;4;4
603062;5;4;4
603063;4;4;3
603064;2;2;2
603065;5;3;3
603067;5;6;6
603070;99;99;99
603073;3;3;3
603074;3;2;2
603091;3;3;3
603096;5;3;4
603097;4;4;4
603099;3;3;3
603101;3;2;2
603103;4;4;4
603105;5;3;3
603106;5;3;3
603146;5;3;3
603153;5;3;2
603155;5;4;4
603157;4;3;3
603159;3;3;4
603160;6;6;6
603162;5;3;4
603163;5;3;3
603166;5;3;3
603167;5;5;5
603169;5;2;2
603171;3;2;2
603172;5;4;3
603174;4;4;4
603175;4;3;3
603176;5;3;3
603178;5;4;3
603182;3;3;3
603183;6;6;6
603185;6;6;6
603205;4;2;3
603212;6;6;6
603213;5;2;2
603214;5;3;3
603215;4;3;3
603248;5;5;5
603256;5;4;4
603257;6;6;3
603261;5;6;6
603268;5;2;2
603271;5;2;3
603272;3;3;3
603273;5;4;4
603274;5;3;3
603276;5;4;4
603279;4;4;4
603284;3;3;3
603286;5;2;2
603287;5;2;3
603288;5;4;3
603292;5;3;3
603293;5;2;2
603294;4;4;4
603306;5;2;2
603307;5;4;4
603312;5;5;5
603317;6;6;6
603318;4;3;3
603319;6;2;2
603321;6;6;6
603357;3;3;3
603358;6;6;3
603359;6;6;6
603360;6;3;3
603361;5;5;5
603365;5;4;3
603366;5;3;3
603367;99;99;99
603370;6;3;3
603374;5;4;4
603377;5;5;5
603378;6;6;3
603379;4;4;3
603380;4;3;2
603382;5;5;5
603383;3;3;3
603386;4;2;2
603388;5;2;2
603389;5;5;5
603390;3;3;3
603393;2;2;2
603394;5;5;5
603395;6;6;6
603397;5;2;2
603414;5;4;4
603418;4;3;3
603421;3;3;3
603423;4;4;4
603424;6;6;6
603425;5;5;3
603426;5;5;4
603479;5;2;2
603480;5;4;4
603481;5;2;3
603482;5;4;3
603483;4;3;3
603491;5;4;4
603492;5;4;4
603494;5;3;3
603496;5;4;4
603498;3;3;3
603499;5;4;4
603500;5;3;3
603501;1;1;1
603502;5;5;4
603505;5;4;4
603513;5;5;5
603514;6;6;6
603516;3;2;2
603524;6;3;3
603525;6;6;6
603528;2;2;2
603529;4;3;6
603532;6;4;6
603538;5;5;5
603574;6;6;6
603577;5;5;5
603579;6;4;5
603583;5;5;5
603591;5;5;5
603592;5;3;2
603594;4;4;4
603596;5;4;4
603598;5;4;3
603599;5;5;5
603600;6;6;6
603612;5;4;4
603613;6;6;6
603614;5;3;3
603616;3;3;5
603622;6;4;4
603624;3;3;3
603626;6;6;6
603672;6;6;6
603673;4;4;4
603674;6;6;6
603676;5;5;4
603687;4;2;2
603688;4;3;3
603689;3;3;3
603690;4;4;4
603691;4;4;4
603692;3;3;3
603695;5;5;4
603706;4;4;4
603719;5;4;4
603720;4;3;3
603721;5;3;3
603724;5;4;4
603726;5;2;2
603771;5;2;2
603772;5;4;4
603773;3;3;3
603779;99;99;99
603781;4;4;4
603782;5;4;4
603783;5;5;5
603787;5;4;4
603790;5;3;3
603791;4;3;3
603792;5;4;4
603793;5;5;3
603796;5;2;1
603797;5;4;4
603801;4;4;4
603803;5;3;3
603806;3;3;3
603807;3;3;3
603808;3;3;3
603830;5;5;4
603832;3;3;3
603878;3;3;3
603884;5;5;3
603885;6;5;5
603887;4;4;4
603888;4;3;3
603892;4;3;3
603896;5;4;4
603901;5;4;4
603902;5;4;3
603903;5;5;4
603912;4;4;4
603916;5;4;4
603918;3;3;3
603921;3;3;3
603923;5;5;6
603924;4;4;4
603925;5;5;5
603971;5;4;3
603976;5;2;3
603978;5;3;3
603981;6;6;6
603990;5;3;4
604008;6;6;6
604010;5;5;5
604012;5;5;5
604013;5;4;97
604062;2;2;2
604063;99;99;99
604064;4;3;3
604065;4;4;4
604067;3;2;2
604072;5;3;3
604076;5;3;3
604078;3;4;5
604079;5;4;4
604082;4;4;4
604085;5;5;4
604088;5;3;2
604106;3;3;3
604107;3;3;3
604142;6;6;6
604145;6;6;6
604146;4;3;3
604148;6;6;6
604150;6;3;3
604151;5;3;3
604152;6;3;3
604153;4;3;6
604156;4;4;4
604158;99;99;99
604160;6;3;3
604169;5;3;3
604174;4;2;2
604177;4;3;3
604178;5;5;4
604214;3;3;3
604218;5;2;2
604225;4;3;3
604228;6;6;6
604231;6;4;6
604232;5;5;5
604254;4;3;4
604255;5;4;4
604256;4;3;3
604304;4;3;2
604306;5;4;3
604307;2;2;2
604310;4;3;3
604311;5;4;3
604313;4;3;2
604314;5;5;4
604316;6;6;6
604317;5;3;3
604332;2;2;3
604340;6;6;6
604341;5;4;4
604343;5;5;5
604345;5;4;4
604346;6;6;6
604347;97;97;97
604380;5;4;4
604382;5;2;2
604384;5;2;5
604387;5;5;5
604394;5;4;3
604395;6;6;6
604399;4;2;3
604417;5;3;4
604418;5;5;5
604425;4;4;4
604426;4;3;3
604429;6;6;6
604484;5;4;5
604487;5;4;4
604488;99;99;99
604489;6;4;4
604491;5;3;4
604497;5;5;5
604498;4;3;3
604500;5;4;4
604502;5;4;4
604506;6;6;6
604513;6;6;6
604521;4;3;3
604526;3;3;6
604527;6;6;6
604528;5;5;5
604531;5;5;4
604532;3;3;3
604535;5;4;4
604538;6;6;6
604591;3;3;2
604592;5;5;5
604594;5;4;4
604597;5;5;5
604598;5;5;5
604600;4;2;2
604602;5;4;4
604604;5;3;3
604606;6;6;6
604607;6;6;6
604608;3;1;3
604609;6;5;5
604610;4;4;4
604617;3;2;2
604624;6;6;6
604626;1;1;1
604627;5;4;4
604628;4;3;3
604629;3;2;2
604674;3;1;2
604677;6;6;6
604688;6;3;3
604690;6;6;6
604691;6;6;6
604693;5;2;3
604700;4;3;3
604713;5;4;4
604714;4;3;3
604715;5;4;5
604721;4;3;3
604723;6;6;6
604724;6;6;6
604727;6;2;2
604788;6;6;6
604794;5;4;4
604797;5;3;3
604798;4;2;2
604800;2;2;2
604802;5;5;5
604804;5;5;5
604807;4;3;3
604810;3;3;2
604811;5;4;4
604822;5;4;4
604824;3;3;3
604830;5;4;4
604831;4;2;2
604833;5;5;5
604876;5;4;4
604879;4;4;3
604882;5;5;5
604883;5;3;3
604884;6;3;3
604886;2;2;3
604891;5;4;3
604893;99;99;99
604897;5;5;5
604899;5;4;4
604908;99;99;99
604924;6;6;6
604926;4;3;3
604929;4;3;3
604931;4;97;3
604937;5;5;5
604939;3;3;3
604940;6;6;6
604980;2;2;2
604982;5;2;2
604983;4;3;3
604989;6;6;6
604995;6;3;3
604999;5;4;3
605002;3;2;2
605011;6;6;6
605026;3;2;3
605070;6;6;6
605074;5;3;3
605077;5;4;3
605078;5;5;5
605081;6;4;6
605084;5;2;2
605085;6;3;3
605106;4;2;3
605110;5;2;2
605112;6;6;6
605113;5;5;5
605115;6;3;3
605166;4;4;4
605168;4;3;97
605170;5;4;4
605175;97;2;97
605178;3;3;3
605181;5;5;4
605183;6;6;6
605185;2;2;2
605190;2;2;6
605191;4;3;6
605194;5;3;2
605211;2;2;2
605214;3;3;3
605221;5;4;3
605224;2;3;3
605225;4;3;3
605226;6;6;6
605278;6;5;5
605281;5;4;6
605282;5;4;4
605283;5;5;5
605284;3;3;3
605285;4;4;4
605288;5;5;5
605290;5;4;6
605291;5;4;3
605293;5;3;3
605302;6;6;6
605308;4;3;3
605312;4;3;3
605322;2;1;1
605334;6;3;3
605341;99;99;99
605342;6;6;6
605343;4;3;2
605398;3;3;3
605404;4;4;3
605406;4;4;4
605407;4;4;3
605417;4;4;4
605428;3;2;2
605430;6;1;1
605445;3;3;3
605453;5;5;5
605454;6;6;6
605456;5;2;4
605459;3;3;3
605503;6;6;6
605504;3;3;3
605505;3;3;3
605508;6;6;6
605512;5;4;3
605515;2;2;2
605519;5;3;3
605524;6;6;6
605527;5;2;2
605547;6;6;6
605558;5;2;2
605563;3;3;3
605565;2;2;2
605566;3;1;6
605612;6;3;3
605614;3;2;4
605615;4;3;3
605625;3;2;3
605630;3;3;3
605632;6;6;6
605633;5;3;2
605636;5;5;5
605640;6;6;6
605660;6;6;6
605662;5;5;2
605671;5;2;2
605673;5;2;5
605675;5;5;5
605676;5;5;5
605677;6;6;6
605683;5;5;5
605684;6;6;6
605686;3;3;3
605723;6;6;6
605727;4;4;2
605731;6;6;6
605734;3;3;6
605736;6;6;6
605741;5;2;2
605743;3;3;3
605753;5;3;3
605779;4;3;3
605785;4;4;3
605816;3;3;3
605817;1;1;1
605819;3;3;3
605822;4;2;2
605823;5;2;2
605824;5;5;5
605825;6;6;6
605827;2;1;1
605832;5;5;5
605834;4;4;4
605835;6;2;2
605836;6;6;6
605838;6;6;2
605839;2;2;2
605840;6;2;2
605842;6;6;6
605847;6;4;3
605853;6;6;6
605856;4;4;4
605863;2;2;2
605866;6;6;6
605870;4;1;1
605872;4;4;4
605873;5;5;5
605874;6;6;6
605909;6;6;6
605912;5;4;3
605913;5;5;4
605914;3;3;3
605922;4;3;3
605923;5;3;3
605925;2;2;2
605936;3;3;3
605950;6;6;6
605955;5;5;5
605957;4;3;3
605958;4;4;4
605982;3;3;3
605984;4;3;3
605987;6;6;6
605988;6;6;6
605989;5;4;4
605990;6;6;6
605998;4;4;3
605999;6;6;6
606000;5;3;3
700016;5;2;6
700032;6;6;97
700034;6;5;6
700148;6;6;6
700150;5;5;5
700197;99;99;99
700271;6;6;6
700322;4;3;3
700323;3;2;6
700324;3;4;4
700325;4;4;4
700342;3;1;97
700364;3;3;3
700431;97;97;97
700432;5;5;5
700488;5;5;5
700489;5;3;3
700553;2;2;6
700554;3;2;6
700555;4;4;4
700612;97;97;97
700614;5;5;5
700616;4;4;4
700680;6;6;6
700746;4;3;6
700824;4;3;3
700826;4;2;3
700917;97;2;97
700918;5;3;3
700987;2;2;2
700988;4;3;3
701067;3;2;2
701071;3;3;3
701141;3;3;3
701142;5;5;5
701143;2;1;3
701144;6;6;6
701145;3;2;3
701146;5;5;5
701147;5;3;3
701235;4;2;3
701237;5;5;5
701238;5;5;5
701239;4;4;4
701240;5;5;5
701241;5;4;4
701242;5;4;4
701328;5;3;3
701329;5;3;3
701331;5;3;3
701420;3;5;5
701422;5;3;3
701513;5;5;5
701514;4;2;3
701687;5;4;4
701688;5;4;4
701772;4;4;4
701773;6;6;6
701775;5;5;5
701865;6;97;97
701869;2;2;3
701870;5;3;3
701962;5;3;4
701963;4;3;3
702047;5;5;5
702084;3;3;3
702217;5;5;5
702218;5;4;4
702325;5;6;3
702327;5;3;3
702328;5;5;5
702329;4;3;3
702407;3;3;3
702409;5;2;6
702411;6;6;6
702496;4;2;1
702497;5;4;3
702576;5;5;5
702577;5;3;6
702621;4;2;4
702693;5;4;4
702810;5;4;4
702813;5;4;5
702816;3;3;3
702908;4;3;3
702909;5;4;3
702910;6;3;3
702912;99;99;99
702913;3;3;3
702914;3;3;5
702915;6;6;6
702917;2;2;6
702918;3;3;3
703036;4;2;2
703038;1;1;1
703041;3;2;2
703147;3;5;5
703148;4;2;6
703149;3;3;3
703150;3;3;3
703151;5;3;3
703249;6;6;6
703250;5;4;6
703251;3;2;2
703252;6;6;6
703356;4;2;4
703469;4;2;2
703471;5;4;4
703472;5;2;2
703473;5;2;6
703475;2;2;2
703478;5;5;5
703571;4;4;4
703573;5;5;5
703575;5;3;4
703666;5;4;4
703668;5;4;4
703770;6;4;3
703774;5;5;5
703813;4;4;4
703879;4;3;3
703880;5;5;4
703881;5;5;5
703882;5;3;4
703961;4;2;3
703962;4;3;3
703963;3;3;3
704054;5;5;5
704055;4;4;4
704058;4;3;3
704060;5;3;4
704141;3;2;4
704295;5;3;5
704296;3;2;6
704298;5;3;2
704301;5;5;5
704302;6;6;6
704303;4;2;2
704589;6;6;6
704877;5;4;4
704976;5;3;3
704977;6;6;6
705393;3;2;2
705607;5;3;6
705719;5;1;3
705721;3;4;6
705813;4;4;4
705814;6;6;6
705906;6;6;6
705908;6;6;6
705977;4;2;3
705979;6;3;2
990001;5;4;4
990002;5;5;5
990003;4;4;4
990004;5;5;5
990005;5;4;4